backbone,pyridone,0,2,3,4,6,7,9,12,14,16,18,19,21,46,68,91,148,157,161,232,234,235,237,240,247,252,255,270,271,275,293,324,327,355,357,415,442,465,469,494,505,506,507,519,538,540,543,575,597,602,605,642
0,0,-1542.968356,-1542.977051,-1543.025412,-1542.977242,-1542.994555,-1543.009476,-1542.935777,-1543.018694,-1543.025011,-1543.032945,-1543.028181,-1543.032945,-1543.018215,-1543.029281,-1543.032946,-1543.018675,-1542.989942,-1543.026298,-1542.99194,-1542.995256,-1542.822084,-1543.017108,-1543.009445,-1543.01341,-1543.01036,-1543.02475,-1543.009707,-1543.015926,-1543.038536,-1543.046991,-1543.009707,-1543.046373,-1543.046866,-1543.015926,-1543.073538,-1543.035814,-1543.072533,-1543.07243,-1543.069901,-1543.061806,-1543.06983,-1543.072429,-1543.062481,-1543.06798,-1543.057803,-1543.058442,-1543.052533,-1543.061648,-1543.059923,-1543.047561,-1543.056282,-1543.057803
0,1,-2461.893716,-2461.902411,-2461.946314,-2461.902601,-2461.915496,-2461.930579,-2461.861136,-2461.944451,-2461.947545,-2461.957971,-2461.955917,-2461.957971,-2461.944498,-2461.951493,-2461.957971,-2461.943957,-2461.911866,-2461.948347,-2461.918142,-2461.921936,-2461.737635,-2461.943477,-2461.933381,-2461.934761,-2461.932394,-2461.946465,-2461.931238,-2461.942127,-2461.960207,-2461.972903,-2461.931238,-2461.968448,-2461.964619,-2461.942128,-2461.997214,-2461.96221,-2461.99685,-2461.996492,-2461.991209,-2461.987543,-2461.991528,-2461.996492,-2461.985402,-2461.990525,-2461.980786,-2461.98181,-2461.97605,-2461.984513,-2461.982738,-2461.9697,-2461.979264,-2461.980786
0,2,-1879.755684,-1879.764379,-1879.810132,-1879.76457,-1879.77923,-1879.794565,-1879.723105,-1879.808674,-1879.810885,-1879.820215,-1879.816076,-1879.820215,-1879.808789,-1879.815907,-1879.820216,-1879.806334,-1879.776518,-1879.811978,-1879.780801,-1879.784833,-1879.601001,-1879.806897,-1879.796389,-1879.798912,-1879.796133,-1879.809893,-1879.79431,-1879.804786,-1879.8242,-1879.836079,-1879.79431,-1879.831862,-1879.827501,-1879.804787,-1879.860724,-1879.825642,-1879.860298,-1879.860043,-1879.8555,-1879.850726,-1879.8566,-1879.860043,-1879.849057,-1879.855273,-1879.843541,-1879.845263,-1879.838246,-1879.848056,-1879.845549,-1879.834163,-1879.842077,-1879.843541
0,3,-1747.314059,-1747.322754,-1747.366495,-1747.322945,-1747.336113,-1747.35137,-1747.28148,-1747.368072,-1747.368334,-1747.37977,-1747.37535,-1747.37977,-1747.368959,-1747.373898,-1747.379771,-1747.366527,-1747.33465,-1747.369554,-1747.341103,-1747.345296,-1747.15353,-1747.367574,-1747.355471,-1747.356116,-1747.354899,-1747.367017,-1747.351026,-1747.365088,-1747.381607,-1747.396811,-1747.351026,-1747.389323,-1747.387918,-1747.365088,-1747.417995,-1747.386846,-1747.417961,-1747.417658,-1747.412224,-1747.411578,-1747.412766,-1747.417657,-1747.407238,-1747.412058,-1747.401237,-1747.40353,-1747.398863,-1747.408768,-1747.403035,-1747.392222,-1747.39964,-1747.401236
0,4,-1770.680219,-1770.688914,-1770.733942,-1770.689105,-1770.705455,-1770.719814,-1770.64764,-1770.733243,-1770.735727,-1770.746081,-1770.740649,-1770.746081,-1770.734323,-1770.740499,-1770.746081,-1770.730987,-1770.701437,-1770.737406,-1770.706015,-1770.709981,-1770.531426,-1770.731902,-1770.721634,-1770.724002,-1770.72108,-1770.735167,-1770.719801,-1770.730001,-1770.749237,-1770.761253,-1770.719801,-1770.757234,-1770.752251,-1770.730001,-1770.785261,-1770.751428,-1770.784728,-1770.784561,-1770.780895,-1770.775596,-1770.78098,-1770.78456,-1770.774444,-1770.779358,-1770.769056,-1770.770059,-1770.763621,-1770.773067,-1770.770998,-1770.759206,-1770.767301,-1770.769056
0,5,-1582.259026,-1582.267721,-1582.316631,-1582.267911,-1582.286344,-1582.30086,-1582.226446,-1582.310045,-1582.316076,-1582.324654,-1582.317937,-1582.324654,-1582.30967,-1582.320378,-1582.324654,-1582.309803,-1582.281308,-1582.317732,-1582.2829,-1582.286749,-1582.114752,-1582.308362,-1582.300262,-1582.304674,-1582.301881,-1582.316137,-1582.301074,-1582.306886,-1582.329631,-1582.338335,-1582.301074,-1582.337787,-1582.338213,-1582.306886,-1582.364596,-1582.32671,-1582.363577,-1582.363552,-1582.361043,-1582.353071,-1582.361024,-1582.363552,-1582.353872,-1582.359004,-1582.348614,-1582.349701,-1582.343982,-1582.352973,-1582.350779,-1582.338873,-1582.347144,-1582.348614
0,6,-1582.258763,-1582.267458,-1582.316993,-1582.267649,-1582.286181,-1582.300804,-1582.226184,-1582.309655,-1582.315267,-1582.324319,-1582.31855,-1582.324319,-1582.30927,-1582.320503,-1582.32432,-1582.309527,-1582.281251,-1582.317584,-1582.282449,-1582.286539,-1582.116009,-1582.307647,-1582.300986,-1582.304943,-1582.301906,-1582.316082,-1582.301172,-1582.306434,-1582.329973,-1582.338022,-1582.301172,-1582.337656,-1582.338136,-1582.306434,-1582.364487,-1582.32608,-1582.363401,-1582.363313,-1582.361347,-1582.352786,-1582.361143,-1582.363313,-1582.353525,-1582.35916,-1582.349239,-1582.349368,-1582.343806,-1582.352694,-1582.351295,-1582.338777,-1582.347636,-1582.349239
0,7,-1582.257146,-1582.265841,-1582.314723,-1582.266032,-1582.283946,-1582.298747,-1582.224567,-1582.307532,-1582.313688,-1582.322194,-1582.316988,-1582.322193,-1582.306945,-1582.318177,-1582.322194,-1582.307503,-1582.278839,-1582.315489,-1582.280076,-1582.284433,-1582.11335,-1582.305285,-1582.298547,-1582.302594,-1582.29953,-1582.314066,-1582.299244,-1582.304062,-1582.32767,-1582.335914,-1582.299244,-1582.335602,-1582.336036,-1582.304062,-1582.362452,-1582.323845,-1582.361323,-1582.361245,-1582.359078,-1582.350677,-1582.359083,-1582.361245,-1582.351433,-1582.357066,-1582.346897,-1582.347318,-1582.341699,-1582.350612,-1582.349037,-1582.336433,-1582.345347,-1582.346897
0,8,-1582.260866,-1582.269561,-1582.307867,-1582.269751,-1582.2854,-1582.299711,-1582.228287,-1582.308932,-1582.319377,-1582.323331,-1582.321368,-1582.323331,-1582.308053,-1582.313902,-1582.323331,-1582.309043,-1582.2755,-1582.317854,-1582.283446,-1582.287084,-1582.114811,-1582.306815,-1582.300998,-1582.300466,-1582.301734,-1582.317233,-1582.302032,-1582.307431,-1582.325497,-1582.338387,-1582.302032,-1582.338696,-1582.338545,-1582.307431,-1582.36433,-1582.326101,-1582.362893,-1582.362921,-1582.351801,-1582.353806,-1582.359152,-1582.362921,-1582.354068,-1582.352379,-1582.347374,-1582.350494,-1582.344576,-1582.353893,-1582.350451,-1582.335645,-1582.345849,-1582.347375
0,9,-1696.505148,-1696.513843,-1696.563774,-1696.514034,-1696.534394,-1696.548147,-1696.472569,-1696.56025,-1696.563078,-1696.573552,-1696.564645,-1696.573552,-1696.559456,-1696.56779,-1696.573552,-1696.557004,-1696.52921,-1696.565216,-1696.532433,-1696.534644,-1696.36306,-1696.559054,-1696.547558,-1696.551851,-1696.547876,-1696.563304,-1696.547666,-1696.556419,-1696.576624,-1696.586206,-1696.547666,-1696.585225,-1696.585372,-1696.556419,-1696.611951,-1696.575134,-1696.611235,-1696.611123,-1696.607675,-1696.60225,-1696.607644,-1696.611122,-1696.601485,-1696.606078,-1696.596098,-1696.597447,-1696.59168,-1696.600861,-1696.598072,-1696.586664,-1696.594591,-1696.596098
0,10,-1696.506686,-1696.515381,-1696.550454,-1696.515572,-1696.532581,-1696.546511,-1696.474107,-1696.555627,-1696.565085,-1696.570676,-1696.566336,-1696.570676,-1696.555155,-1696.560424,-1696.570677,-1696.556743,-1696.522396,-1696.563682,-1696.531142,-1696.533681,-1696.364449,-1696.555645,-1696.539811,-1696.545803,-1696.546938,-1696.563126,-1696.547235,-1696.555128,-1696.570616,-1696.585502,-1696.547235,-1696.58456,-1696.584965,-1696.555128,-1696.610203,-1696.573709,-1696.609218,-1696.609188,-1696.600897,-1696.600406,-1696.60339,-1696.609189,-1696.600374,-1696.600048,-1696.593755,-1696.59719,-1696.590856,-1696.600509,-1696.596597,-1696.582446,-1696.592008,-1696.593755
0,11,-1850.045714,-1850.054409,-1850.08995,-1850.0546,-1850.073093,-1850.085609,-1850.013135,-1850.099229,-1850.104755,-1850.113193,-1850.105691,-1850.113193,-1850.098465,-1850.099783,-1850.113193,-1850.096471,-1850.06215,-1850.103638,-1850.071853,-1850.077112,-1849.906579,-1850.097486,-1850.085435,-1850.08508,-1850.086377,-1850.10269,-1850.086561,-1850.095839,-1850.109942,-1850.127931,-1850.086561,-1850.124457,-1850.124856,-1850.095839,-1850.149987,-1850.114126,-1850.149258,-1850.149202,-1850.139764,-1850.142177,-1850.142292,-1850.149203,-1850.140389,-1850.139317,-1850.132632,-1850.137053,-1850.130884,-1850.141504,-1850.135298,-1850.121819,-1850.130827,-1850.132632
0,12,-1657.400631,-1657.409326,-1657.457368,-1657.409517,-1657.427436,-1657.441738,-1657.368052,-1657.451293,-1657.456773,-1657.466954,-1657.463678,-1657.466954,-1657.450695,-1657.460875,-1657.466955,-1657.45059,-1657.421641,-1657.458689,-1657.424631,-1657.427716,-1657.25812,-1657.449574,-1657.443304,-1657.445546,-1657.443965,-1657.457221,-1657.443942,-1657.448616,-1657.470564,-1657.479179,-1657.443942,-1657.478885,-1657.479296,-1657.448616,-1657.50615,-1657.467433,-1657.505169,-1657.505018,-1657.502046,-1657.49386,-1657.501816,-1657.505018,-1657.494713,-1657.499858,-1657.491009,-1657.490497,-1657.485019,-1657.493733,-1657.493106,-1657.479261,-1657.489232,-1657.491009
1,0,-1582.258595,-1582.267564,-1582.313845,-1582.267758,-1582.283749,-1582.299213,-1582.226631,-1582.307648,-1582.312689,-1582.321885,-1582.316193,-1582.321885,-1582.298393,-1582.317449,-1582.321885,-1582.306219,-1582.273592,-1582.31281,-1582.280203,-1582.283676,-1582.109022,-1582.297328,-1582.290811,-1582.300169,-1582.30053,-1582.311278,-1582.295838,-1582.305909,-1582.326635,-1582.334804,-1582.295838,-1582.334801,-1582.328277,-1582.305909,-1582.360795,-1582.325797,-1582.360583,-1582.360611,-1582.358692,-1582.349686,-1582.357928,-1582.36061,-1582.350548,-1582.35821,-1582.345676,-1582.346621,-1582.340906,-1582.349528,-1582.345121,-1582.337505,-1582.344331,-1582.345676
1,1,-2501.183954,-2501.192923,-2501.23481,-2501.193117,-2501.204731,-2501.22038,-2501.15199,-2501.233365,-2501.235778,-2501.246925,-2501.244098,-2501.246925,-2501.224737,-2501.239658,-2501.246925,-2501.232403,-2501.195584,-2501.234893,-2501.206404,-2501.210548,-2501.024573,-2501.223765,-2501.213786,-2501.221533,-2501.222713,-2501.232965,-2501.217393,-2501.232111,-2501.24841,-2501.260883,-2501.217392,-2501.256845,-2501.253735,-2501.232111,-2501.284305,-2501.252194,-2501.284895,-2501.284643,-2501.279949,-2501.275702,-2501.279656,-2501.284643,-2501.273464,-2501.280753,-2501.268672,-2501.27001,-2501.26324,-2501.272448,-2501.268164,-2501.259636,-2501.26728,-2501.268671
1,2,-1919.045922,-1919.054891,-1919.098618,-1919.055086,-1919.068501,-1919.084354,-1919.013958,-1919.09759,-1919.098598,-1919.109194,-1919.10417,-1919.109194,-1919.088884,-1919.104041,-1919.109194,-1919.095047,-1919.060221,-1919.098526,-1919.069063,-1919.073428,-1918.887939,-1919.086789,-1919.076407,-1919.085484,-1919.086323,-1919.096426,-1919.08051,-1919.094769,-1919.112247,-1919.124049,-1919.08051,-1919.120291,-1919.116619,-1919.09477,-1919.147974,-1919.115625,-1919.148322,-1919.148182,-1919.14424,-1919.138874,-1919.14473,-1919.148181,-1919.137107,-1919.145487,-1919.1315,-1919.133449,-1919.126618,-1919.135975,-1919.131045,-1919.12407,-1919.13015,-1919.1315
1,3,-1786.604298,-1786.613267,-1786.655021,-1786.613461,-1786.625435,-1786.6412,-1786.572334,-1786.657046,-1786.656578,-1786.668819,-1786.663245,-1786.668819,-1786.649299,-1786.66198,-1786.668819,-1786.654853,-1786.618386,-1786.656138,-1786.629365,-1786.63393,-1786.440468,-1786.647285,-1786.635529,-1786.642559,-1786.645066,-1786.653536,-1786.637266,-1786.655071,-1786.669594,-1786.684825,-1786.637266,-1786.67772,-1786.677031,-1786.655072,-1786.705211,-1786.676829,-1786.705972,-1786.70578,-1786.700897,-1786.699756,-1786.700894,-1786.705779,-1786.695277,-1786.702235,-1786.689282,-1786.691728,-1786.687129,-1786.696796,-1786.688784,-1786.682093,-1786.687733,-1786.689282
1,4,-1809.970458,-1809.979427,-1810.022417,-1809.979621,-1809.994695,-1810.009586,-1809.938493,-1810.022152,-1810.023922,-1810.035051,-1810.028438,-1810.035051,-1810.014344,-1810.028621,-1810.035051,-1810.019538,-1809.985094,-1810.023948,-1809.994277,-1809.998556,-1809.818364,-1810.012087,-1810.00161,-1810.010594,-1810.011261,-1810.021655,-1810.005978,-1810.019984,-1810.037267,-1810.049193,-1810.005978,-1810.045659,-1810.041362,-1810.019984,-1810.072515,-1810.041411,-1810.07276,-1810.072722,-1810.069669,-1810.063738,-1810.06908,-1810.072721,-1810.0625,-1810.06954,-1810.056997,-1810.058245,-1810.051997,-1810.06102,-1810.0564,-1810.049099,-1810.055358,-1810.056997
1,5,-1621.549264,-1621.558233,-1621.605055,-1621.558428,-1621.575511,-1621.590585,-1621.5173,-1621.598981,-1621.603781,-1621.613581,-1621.606037,-1621.613581,-1621.589787,-1621.608544,-1621.613581,-1621.59735,-1621.564953,-1621.604236,-1621.571163,-1621.575166,-1621.40169,-1621.588547,-1621.581687,-1621.59137,-1621.592101,-1621.602745,-1621.587202,-1621.596869,-1621.617674,-1621.626138,-1621.587202,-1621.6262,-1621.619514,-1621.596869,-1621.651884,-1621.616694,-1621.651617,-1621.651723,-1621.649839,-1621.640955,-1621.649111,-1621.651723,-1621.641933,-1621.649217,-1621.636512,-1621.637874,-1621.632347,-1621.6409,-1621.635996,-1621.628794,-1621.635208,-1621.636512
1,6,-1621.549002,-1621.557971,-1621.605409,-1621.558165,-1621.57536,-1621.590526,-1621.517038,-1621.598598,-1621.603432,-1621.613246,-1621.606526,-1621.613246,-1621.589393,-1621.608664,-1621.613246,-1621.596974,-1621.56488,-1621.604088,-1621.570711,-1621.574948,-1621.402948,-1621.587933,-1621.582317,-1621.591728,-1621.592058,-1621.602602,-1621.587292,-1621.596417,-1621.618083,-1621.625836,-1621.587292,-1621.62608,-1621.61936,-1621.596417,-1621.651757,-1621.616063,-1621.651457,-1621.651505,-1621.650148,-1621.640661,-1621.649237,-1621.651504,-1621.641597,-1621.649392,-1621.637107,-1621.637543,-1621.632176,-1621.640636,-1621.636448,-1621.628716,-1621.63568,-1621.637107
1,7,-1621.547384,-1621.556353,-1621.603147,-1621.556548,-1621.57311,-1621.588469,-1621.51542,-1621.596473,-1621.601368,-1621.611113,-1621.604947,-1621.611113,-1621.587038,-1621.606349,-1621.611113,-1621.594972,-1621.562475,-1621.601992,-1621.568339,-1621.572844,-1621.400288,-1621.585644,-1621.579965,-1621.589428,-1621.589692,-1621.600588,-1621.585353,-1621.594045,-1621.615785,-1621.623728,-1621.585353,-1621.624023,-1621.617301,-1621.594045,-1621.649713,-1621.613828,-1621.649378,-1621.649435,-1621.647876,-1621.63855,-1621.647175,-1621.649434,-1621.639504,-1621.6473,-1621.634761,-1621.635494,-1621.630066,-1621.638554,-1621.634164,-1621.626383,-1621.633391,-1621.634761
1,8,-1621.551104,-1621.560073,-1621.595016,-1621.560268,-1621.574557,-1621.589399,-1621.51914,-1621.597576,-1621.60705,-1621.612035,-1621.609182,-1621.612035,-1621.588017,-1621.602243,-1621.612035,-1621.597089,-1621.558954,-1621.604397,-1621.571708,-1621.575453,-1621.401749,-1621.585574,-1621.58785,-1621.587471,-1621.59166,-1621.603622,-1621.588254,-1621.597414,-1621.613369,-1621.626217,-1621.588254,-1621.627134,-1621.626915,-1621.597415,-1621.651562,-1621.616084,-1621.650943,-1621.651086,-1621.640646,-1621.64162,-1621.64766,-1621.651085,-1621.642118,-1621.642524,-1621.635243,-1621.638651,-1621.632945,-1621.641844,-1621.635137,-1621.625807,-1621.63389,-1621.635244
1,9,-1735.795387,-1735.804356,-1735.85218,-1735.80455,-1735.823557,-1735.83787,-1735.763422,-1735.849092,-1735.850789,-1735.862435,-1735.852705,-1735.862435,-1735.837623,-1735.855941,-1735.862435,-1735.844575,-1735.812793,-1735.851751,-1735.820696,-1735.825657,-1735.649998,-1735.839223,-1735.829465,-1735.838345,-1735.838116,-1735.849817,-1735.833834,-1735.846402,-1735.864703,-1735.874011,-1735.833834,-1735.873637,-1735.868253,-1735.846402,-1735.899177,-1735.865118,-1735.899275,-1735.899289,-1735.896463,-1735.890372,-1735.895733,-1735.899289,-1735.889548,-1735.896256,-1735.88402,-1735.885625,-1735.880045,-1735.888784,-1735.883441,-1735.876564,-1735.882664,-1735.88402
1,10,-1735.796925,-1735.805894,-1735.838975,-1735.806088,-1735.821615,-1735.836154,-1735.764961,-1735.845493,-1735.85275,-1735.859379,-1735.855212,-1735.859379,-1735.834961,-1735.848748,-1735.859379,-1735.844986,-1735.805883,-1735.850244,-1735.819405,-1735.822082,-1735.651388,-1735.837344,-1735.833189,-1735.833072,-1735.831799,-1735.849764,-1735.833459,-1735.845111,-1735.858694,-1735.873335,-1735.833459,-1735.873077,-1735.872844,-1735.845111,-1735.897427,-1735.863692,-1735.897273,-1735.897357,-1735.889658,-1735.888284,-1735.89155,-1735.897357,-1735.888424,-1735.890204,-1735.881644,-1735.885384,-1735.879261,-1735.888428,-1735.881384,-1735.872551,-1735.880046,-1735.881644
1,11,-1889.335953,-1889.344921,-1889.381207,-1889.345116,-1889.36204,-1889.375201,-1889.303988,-1889.387658,-1889.392457,-1889.401805,-1889.393672,-1889.401805,-1889.37819,-1889.388083,-1889.401805,-1889.384747,-1889.345602,-1889.390218,-1889.360116,-1889.365585,-1889.193517,-1889.379192,-1889.361918,-1889.372336,-1889.370815,-1889.389297,-1889.372796,-1889.385822,-1889.398041,-1889.415883,-1889.372796,-1889.41295,-1889.412048,-1889.385822,-1889.437179,-1889.404109,-1889.437304,-1889.437354,-1889.42853,-1889.430328,-1889.430461,-1889.437354,-1889.428435,-1889.429414,-1889.420546,-1889.425256,-1889.419285,-1889.428355,-1889.420238,-1889.411903,-1889.418894,-1889.420547
1,12,-1696.69087,-1696.699838,-1696.745795,-1696.700033,-1696.716571,-1696.731466,-1696.658905,-1696.740239,-1696.744949,-1696.755864,-1696.751324,-1696.755864,-1696.730812,-1696.749052,-1696.755864,-1696.738087,-1696.705275,-1696.745191,-1696.712893,-1696.716138,-1696.545058,-1696.730483,-1696.724066,-1696.732468,-1696.734145,-1696.743715,-1696.729981,-1696.738599,-1696.758786,-1696.766998,-1696.729981,-1696.767296,-1696.760522,-1696.7386,-1696.793323,-1696.757416,-1696.793233,-1696.793221,-1696.790851,-1696.781745,-1696.789908,-1696.793221,-1696.782794,-1696.790099,-1696.778845,-1696.778677,-1696.773378,-1696.781682,-1696.778074,-1696.76921,-1696.777226,-1696.778845
2,0,-1700.11295,-1700.12183,-1700.169941,-1700.121993,-1700.139625,-1700.153657,-1700.080901,-1700.163612,-1700.168436,-1700.177826,-1700.171952,-1700.177825,-1700.152702,-1700.174052,-1700.177825,-1700.162371,-1700.129144,-1700.168723,-1700.135664,-1700.139915,-1699.967493,-1700.15325,-1700.146158,-1700.155994,-1700.156228,-1700.165311,-1700.151928,-1700.161425,-1700.18275,-1700.191002,-1700.151928,-1700.1892,-1700.184348,-1700.161425,-1700.21484,-1700.181312,-1700.216748,-1700.216419,-1700.213414,-1700.206142,-1700.213713,-1700.21642,-1700.206672,-1700.214854,-1700.201959,-1700.20311,-1700.196055,-1700.20561,-1700.199186,-1700.193275,-1700.200596,-1700.201959
2,1,-2619.038309,-2619.047189,-2619.090916,-2619.047352,-2619.060623,-2619.074828,-2619.006261,-2619.089515,-2619.091519,-2619.103147,-2619.099869,-2619.103147,-2619.07917,-2619.096245,-2619.103147,-2619.088754,-2619.051064,-2619.090765,-2619.061865,-2619.066459,-2618.883044,-2619.080014,-2619.069119,-2619.077869,-2619.078348,-2619.086985,-2619.073458,-2619.087626,-2619.105297,-2619.116707,-2619.073458,-2619.111233,-2619.109885,-2619.087626,-2619.137882,-2619.107709,-2619.140821,-2619.140213,-2619.134728,-2619.132379,-2619.135352,-2619.140214,-2619.129426,-2619.137365,-2619.124863,-2619.126422,-2619.118175,-2619.12834,-2619.122108,-2619.115356,-2619.123457,-2619.124863
2,2,-2036.900277,-2036.909157,-2036.954726,-2036.909321,-2036.924412,-2036.938792,-2036.868229,-2036.953758,-2036.95435,-2036.965438,-2036.959967,-2036.965439,-2036.943314,-2036.960606,-2036.965439,-2036.951358,-2036.915688,-2036.954403,-2036.924524,-2036.929323,-2036.74641,-2036.942708,-2036.931673,-2036.941253,-2036.941979,-2036.950444,-2036.93657,-2036.950285,-2036.968358,-2036.977829,-2036.93657,-2036.974602,-2036.972782,-2036.950285,-2037.00155,-2036.97114,-2037.004369,-2037.003921,-2036.999,-2036.99554,-2037.000365,-2037.003923,-2036.993103,-2037.002099,-2036.987849,-2036.989858,-2036.981665,-2036.991881,-2036.985072,-2036.979757,-2036.986412,-2036.987849
2,3,-1904.458653,-1904.467533,-1904.511136,-1904.467696,-1904.481397,-1904.495632,-1904.426605,-1904.513237,-1904.512344,-1904.525102,-1904.519076,-1904.525102,-1904.5037,-1904.518512,-1904.525102,-1904.511225,-1904.473774,-1904.511994,-1904.484826,-1904.489842,-1904.298939,-1904.503214,-1904.490796,-1904.498296,-1904.500593,-1904.507539,-1904.493318,-1904.510587,-1904.525702,-1904.540637,-1904.493318,-1904.531934,-1904.53321,-1904.510587,-1904.559047,-1904.532345,-1904.561969,-1904.561445,-1904.555652,-1904.5564,-1904.556645,-1904.561446,-1904.551153,-1904.558747,-1904.545652,-1904.548072,-1904.541637,-1904.552408,-1904.54279,-1904.53771,-1904.543995,-1904.545652
2,4,-1927.824812,-1927.833693,-1927.878542,-1927.833856,-1927.850614,-1927.864002,-1927.792764,-1927.878319,-1927.87969,-1927.891294,-1927.884248,-1927.891294,-1927.868771,-1927.885195,-1927.891294,-1927.875821,-1927.840575,-1927.879843,-1927.849738,-1927.851263,-1927.676835,-1927.867993,-1927.856891,-1927.866387,-1927.866927,-1927.875663,-1927.862066,-1927.875499,-1927.89339,-1927.903544,-1927.862066,-1927.899999,-1927.897525,-1927.875499,-1927.92612,-1927.896927,-1927.928869,-1927.928478,-1927.92438,-1927.92043,-1927.924883,-1927.928479,-1927.918515,-1927.926077,-1927.913356,-1927.914674,-1927.907102,-1927.916778,-1927.910452,-1927.904792,-1927.911614,-1927.913356
2,5,-1739.403619,-1739.412499,-1739.461157,-1739.412662,-1739.431398,-1739.445023,-1739.371571,-1739.454952,-1739.459539,-1739.469526,-1739.461799,-1739.469525,-1739.444084,-1739.465147,-1739.469525,-1739.45338,-1739.420512,-1739.460146,-1739.426624,-1739.4314,-1739.260161,-1739.444454,-1739.448321,-1739.44709,-1739.447795,-1739.456802,-1739.443299,-1739.452385,-1739.473807,-1739.482317,-1739.443299,-1739.480525,-1739.475574,-1739.452385,-1739.505502,-1739.472209,-1739.507797,-1739.507503,-1739.504547,-1739.497423,-1739.504902,-1739.507504,-1739.498032,-1739.505871,-1739.492861,-1739.49436,-1739.487441,-1739.496887,-1739.490085,-1739.484545,-1739.491501,-1739.492861
2,6,-1739.403357,-1739.412237,-1739.461504,-1739.4124,-1739.431236,-1739.444969,-1739.371308,-1739.454566,-1739.459184,-1739.469185,-1739.462286,-1739.469185,-1739.443704,-1739.465266,-1739.469185,-1739.452729,-1739.420442,-1739.460018,-1739.426172,-1739.431202,-1739.261418,-1739.443858,-1739.437675,-1739.447567,-1739.447767,-1739.456636,-1739.443392,-1739.451933,-1739.474214,-1739.482062,-1739.443392,-1739.480518,-1739.47544,-1739.451933,-1739.505389,-1739.471579,-1739.50765,-1739.507339,-1739.504868,-1739.497121,-1739.505017,-1739.507341,-1739.497761,-1739.506059,-1739.493385,-1739.494051,-1739.48736,-1739.496681,-1739.490525,-1739.484497,-1739.491944,-1739.493385
2,7,-1739.401739,-1739.410619,-1739.459235,-1739.410783,-1739.428982,-1739.442915,-1739.369691,-1739.452437,-1739.457117,-1739.467049,-1739.460704,-1739.467049,-1739.441338,-1739.462959,-1739.467049,-1739.450982,-1739.418043,-1739.457917,-1739.4238,-1739.429099,-1739.258759,-1739.441572,-1739.435328,-1739.445272,-1739.445399,-1739.454626,-1739.441454,-1739.449561,-1739.471901,-1739.47995,-1739.441454,-1739.478452,-1739.478275,-1739.449561,-1739.503338,-1739.469344,-1739.505567,-1739.505258,-1739.502591,-1739.495011,-1739.502974,-1739.50526,-1739.495664,-1739.503958,-1739.491015,-1739.491999,-1739.485232,-1739.494597,-1739.488237,-1739.482174,-1739.489655,-1739.491015
2,8,-1739.405459,-1739.414339,-1739.451037,-1739.414503,-1739.430417,-1739.44411,-1739.373411,-1739.45339,-1739.462798,-1739.467852,-1739.465945,-1739.467852,-1739.442269,-1739.458933,-1739.467851,-1739.453395,-1739.414859,-1739.460304,-1739.427169,-1739.431689,-1739.26022,-1739.441453,-1739.443417,-1739.443274,-1739.446803,-1739.457706,-1739.444311,-1739.45293,-1739.469528,-1739.48245,-1739.44431,-1739.481506,-1739.480682,-1739.45293,-1739.505128,-1739.471599,-1739.507056,-1739.506728,-1739.495372,-1739.497979,-1739.503915,-1739.506729,-1739.49825,-1739.499032,-1739.491232,-1739.495141,-1739.488101,-1739.497917,-1739.489237,-1739.48184,-1739.49018,-1739.491232
2,9,-1853.649741,-1853.658622,-1853.7083,-1853.658785,-1853.679468,-1853.692299,-1853.617693,-1853.705253,-1853.706551,-1853.718657,-1853.708464,-1853.718657,-1853.69192,-1853.712533,-1853.718657,-1853.700442,-1853.668352,-1853.707666,-1853.676157,-1853.679269,-1853.508469,-1853.695125,-1853.685362,-1853.693964,-1853.693805,-1853.703833,-1853.689927,-1853.701918,-1853.720889,-1853.730151,-1853.689927,-1853.727981,-1853.724432,-1853.701918,-1853.75279,-1853.720633,-1853.755413,-1853.755041,-1853.751168,-1853.74707,-1853.75153,-1853.755042,-1853.745614,-1853.752858,-1853.74036,-1853.742092,-1853.735141,-1853.74474,-1853.737513,-1853.732283,-1853.738956,-1853.74036
2,10,-1853.65128,-1853.66016,-1853.695206,-1853.660323,-1853.677473,-1853.690758,-1853.619231,-1853.701479,-1853.708454,-1853.71656,-1853.710908,-1853.715225,-1853.689199,-1853.705442,-1853.71656,-1853.701315,-1853.66176,-1853.706176,-1853.674866,-1853.678299,-1853.509858,-1853.693273,-1853.678365,-1853.688902,-1853.68745,-1853.703892,-1853.689546,-1853.700627,-1853.714913,-1853.729474,-1853.689546,-1853.727423,-1853.727446,-1853.700627,-1853.750962,-1853.719207,-1853.753371,-1853.75304,-1853.744247,-1853.744685,-1853.747684,-1853.75304,-1853.744553,-1853.746653,-1853.737656,-1853.74187,-1853.734413,-1853.744532,-1853.735471,-1853.728508,-1853.736334,-1853.737655
2,11,-2007.190307,-2007.199188,-2007.237248,-2007.199351,-2007.21793,-2007.229869,-2007.158259,-2007.24364,-2007.248177,-2007.257873,-2007.249369,-2007.257873,-2007.232509,-2007.244781,-2007.257873,-2007.241055,-2007.20147,-2007.246148,-2007.215577,-2007.221466,-2007.051988,-2007.235095,-2007.217865,-2007.228003,-2007.226457,-2007.243399,-2007.228891,-2007.241338,-2007.254308,-2007.271631,-2007.228891,-2007.267226,-2007.264856,-2007.241338,-2007.291146,-2007.259624,-2007.293376,-2007.292988,-2007.283119,-2007.287107,-2007.286596,-2007.292988,-2007.284463,-2007.285697,-2007.276686,-2007.281717,-2007.274327,-2007.284361,-2007.274347,-2007.267836,-2007.27521,-2007.276686
2,12,-1814.545224,-1814.554105,-1814.601899,-1814.554268,-1814.572451,-1814.585905,-1814.513176,-1814.596224,-1814.6007,-1814.611805,-1814.60708,-1814.611805,-1814.585111,-1814.605666,-1814.611805,-1814.594234,-1814.56084,-1814.601119,-1814.568354,-1814.572387,-1814.403528,-1814.586507,-1814.579379,-1814.588837,-1814.589857,-1814.59774,-1814.586192,-1814.594115,-1814.61562,-1814.623197,-1814.586192,-1814.621827,-1814.616594,-1814.594115,-1814.646951,-1814.612931,-1814.649355,-1814.648954,-1814.645578,-1814.638231,-1814.645702,-1814.648955,-1814.638958,-1814.646765,-1814.634939,-1814.635191,-1814.628525,-1814.63771,-1814.632104,-1814.625006,-1814.633406,-1814.634939
3,0,-1660.82853,-1660.837468,-1660.883802,-1660.837635,-1660.853411,-1660.869207,-1660.796531,-1660.877519,-1660.882809,-1660.890714,-1660.886856,-1660.890714,-1660.867572,-1660.887081,-1660.890714,-1660.876255,-1660.84313,-1660.88302,-1660.850766,-1660.854309,-1660.68128,-1660.863844,-1660.861007,-1660.870211,-1660.872098,-1660.879842,-1660.866188,-1660.874987,-1660.89698,-1660.904964,-1660.866188,-1660.904534,-1660.904344,-1660.874987,-1660.927106,-1660.894874,-1660.931793,-1660.931084,-1660.929153,-1660.920308,-1660.928555,-1660.931085,-1660.921747,-1660.928541,-1660.915517,-1660.916543,-1660.911314,-1660.920074,-1660.913003,-1660.907208,-1660.914972,-1660.915517
3,1,-2579.753889,-2579.762828,-2579.804831,-2579.762994,-2579.774444,-2579.790392,-2579.72189,-2579.803268,-2579.805934,-2579.815311,-2579.814763,-2579.815311,-2579.793997,-2579.809267,-2579.815311,-2579.802735,-2579.765066,-2579.805092,-2579.776967,-2579.781267,-2579.596831,-2579.790526,-2579.783976,-2579.791575,-2579.79432,-2579.801472,-2579.787741,-2579.801188,-2579.818955,-2579.830842,-2579.78774,-2579.826541,-2579.82464,-2579.801188,-2579.850596,-2579.821271,-2579.856084,-2579.854924,-2579.850442,-2579.846236,-2579.850291,-2579.854925,-2579.84463,-2579.851135,-2579.838448,-2579.839895,-2579.833486,-2579.84285,-2579.835913,-2579.829269,-2579.837876,-2579.838448
3,2,-1997.615858,-1997.624796,-1997.668633,-1997.624962,-1997.638222,-1997.654361,-1997.583859,-1997.667568,-1997.668741,-1997.677657,-1997.674847,-1997.677658,-1997.658139,-1997.673607,-1997.677658,-1997.665356,-1997.629682,-1997.66874,-1997.639626,-1997.644135,-1997.460197,-1997.653337,-1997.646501,-1997.655517,-1997.657846,-1997.664948,-1997.65087,-1997.663847,-1997.682625,-1997.694004,-1997.65087,-1997.690017,-1997.687525,-1997.663847,-1997.714286,-1997.684702,-1997.719496,-1997.718545,-1997.714713,-1997.709434,-1997.715378,-1997.718546,-1997.708274,-1997.715841,-1997.701476,-1997.703338,-1997.696955,-1997.70642,-1997.698906,-1997.693655,-1997.70075,-1997.701476
3,3,-1865.174233,-1865.183171,-1865.225085,-1865.183338,-1865.195181,-1865.211216,-1865.142234,-1865.227004,-1865.226745,-1865.237304,-1865.233905,-1865.237304,-1865.218552,-1865.231495,-1865.237304,-1865.225238,-1865.18777,-1865.226359,-1865.199928,-1865.204673,-1865.012726,-1865.213923,-1865.205655,-1865.212589,-1865.216282,-1865.222008,-1865.207637,-1865.224149,-1865.239997,-1865.254751,-1865.207637,-1865.247409,-1865.247946,-1865.224149,-1865.273123,-1865.245906,-1865.277126,-1865.276071,-1865.271335,-1865.270317,-1865.271483,-1865.276071,-1865.266428,-1865.272592,-1865.259345,-1865.26159,-1865.257126,-1865.26714,-1865.256643,-1865.251578,-1865.258298,-1865.259345
3,4,-1888.540393,-1888.549331,-1888.592498,-1888.549498,-1888.564388,-1888.579576,-1888.508394,-1888.592129,-1888.594062,-1888.603478,-1888.599073,-1888.603478,-1888.583611,-1888.59822,-1888.603478,-1888.589769,-1888.554569,-1888.594158,-1888.564841,-1888.569253,-1888.390622,-1888.578743,-1888.571696,-1888.580631,-1888.582786,-1888.590174,-1888.576352,-1888.589061,-1888.607641,-1888.61919,-1888.576352,-1888.615383,-1888.612274,-1888.589061,-1888.63882,-1888.610488,-1888.643947,-1888.643125,-1888.640093,-1888.634313,-1888.639682,-1888.643125,-1888.633683,-1888.639863,-1888.626978,-1888.628145,-1888.622366,-1888.631552,-1888.624286,-1888.618696,-1888.626003,-1888.626978
3,5,-1700.1192,-1700.128138,-1700.17504,-1700.128304,-1700.145165,-1700.160576,-1700.0872,-1700.168858,-1700.173908,-1700.182375,-1700.176756,-1700.182375,-1700.158943,-1700.178189,-1700.182375,-1700.167253,-1700.134496,-1700.174461,-1700.141726,-1700.145794,-1699.973948,-1700.155027,-1700.151921,-1700.161417,-1700.163725,-1700.17129,-1700.157553,-1700.165947,-1700.188002,-1700.196302,-1700.157553,-1700.195887,-1700.195717,-1700.165947,-1700.219821,-1700.185771,-1700.222818,-1700.222201,-1700.22029,-1700.211579,-1700.219732,-1700.222202,-1700.213135,-1700.219544,-1700.207497,-1700.2078,-1700.202722,-1700.211417,-1700.203911,-1700.198471,-1700.205858,-1700.207497
3,6,-1700.118937,-1700.127875,-1700.175338,-1700.128042,-1700.145019,-1700.160516,-1700.086938,-1700.168489,-1700.173547,-1700.182079,-1700.177189,-1700.182079,-1700.158567,-1700.178286,-1700.182079,-1700.166621,-1700.134421,-1700.174307,-1700.141274,-1700.145582,-1699.975205,-1700.154378,-1700.152499,-1700.161769,-1700.163637,-1700.171176,-1700.157644,-1700.165495,-1700.188427,-1700.196023,-1700.157644,-1700.195838,-1700.195541,-1700.165495,-1700.21808,-1700.18514,-1700.222678,-1700.222011,-1700.220609,-1700.211292,-1700.219874,-1700.222011,-1700.212807,-1700.219719,-1700.208114,-1700.207477,-1700.202608,-1700.211158,-1700.204343,-1700.198429,-1700.206337,-1700.206933
3,7,-1700.11732,-1700.126258,-1700.173084,-1700.126424,-1700.142769,-1700.158458,-1700.085321,-1700.166345,-1700.171484,-1700.179919,-1700.175616,-1700.179919,-1700.156193,-1700.175987,-1700.179919,-1700.164844,-1700.132028,-1700.172205,-1700.138902,-1700.143479,-1699.972546,-1700.152114,-1700.150154,-1700.159475,-1700.161271,-1700.169156,-1700.155699,-1700.163122,-1700.186125,-1700.193907,-1700.155699,-1700.193767,-1700.19346,-1700.163122,-1700.216039,-1700.182905,-1700.220593,-1700.219934,-1700.218338,-1700.209177,-1700.217803,-1700.219935,-1700.210709,-1700.217628,-1700.204566,-1700.20542,-1700.200489,-1700.209053,-1700.202052,-1700.196114,-1700.204045,-1700.204566
3,8,-1700.12104,-1700.129978,-1700.16378,-1700.130144,-1700.1438,-1700.159621,-1700.08904,-1700.166961,-1700.177169,-1700.181233,-1700.179653,-1700.181233,-1700.157054,-1700.172337,-1700.181232,-1700.166875,-1700.129104,-1700.174645,-1700.142271,-1700.146081,-1699.974007,-1700.153628,-1700.157755,-1700.15763,-1700.157133,-1700.172046,-1700.158561,-1700.166492,-1700.18369,-1700.19638,-1700.158561,-1700.196852,-1700.195655,-1700.166492,-1700.217832,-1700.185161,-1700.222212,-1700.221607,-1700.211198,-1700.212218,-1700.217336,-1700.221608,-1700.21332,-1700.212924,-1700.204801,-1700.208551,-1700.20344,-1700.212372,-1700.203038,-1700.195945,-1700.204556,-1700.204801
3,9,-1814.365322,-1814.37426,-1814.422199,-1814.374427,-1814.393195,-1814.407855,-1814.333323,-1814.419036,-1814.420913,-1814.429878,-1814.423459,-1814.429878,-1814.406763,-1814.425582,-1814.429878,-1814.414337,-1814.382355,-1814.421969,-1814.391259,-1814.39631,-1814.222256,-1814.405713,-1814.398209,-1814.408354,-1814.409779,-1814.418351,-1814.404193,-1814.415479,-1814.435139,-1814.444161,-1814.404193,-1814.443354,-1814.439179,-1814.415479,-1814.46543,-1814.434195,-1814.470482,-1814.469731,-1814.466901,-1814.459699,-1814.466348,-1814.469731,-1814.460754,-1814.466571,-1814.454964,-1814.455566,-1814.450417,-1814.459284,-1814.451348,-1814.446183,-1814.453287,-1814.454964
3,10,-1814.36686,-1814.375798,-1814.409776,-1814.375965,-1814.390941,-1814.406253,-1814.334861,-1814.413986,-1814.422812,-1814.428941,-1814.425811,-1814.430209,-1814.404026,-1814.418854,-1814.42894,-1814.414962,-1814.375965,-1814.420495,-1814.389968,-1814.392705,-1814.223646,-1814.404046,-1814.40343,-1814.403197,-1814.40339,-1814.418451,-1814.403818,-1814.414188,-1814.429428,-1814.44353,-1814.403818,-1814.442748,-1814.441998,-1814.414188,-1814.463614,-1814.432769,-1814.468492,-1814.4678,-1814.460014,-1814.45888,-1814.461725,-1814.467801,-1814.459594,-1814.46051,-1814.451196,-1814.45525,-1814.449704,-1814.458695,-1814.449264,-1814.442569,-1814.450811,-1814.451196
3,11,-1967.905888,-1967.914826,-1967.949895,-1967.914993,-1967.931329,-1967.945356,-1967.873889,-1967.9574,-1967.962526,-1967.971513,-1967.964287,-1967.971513,-1967.947275,-1967.958219,-1967.971513,-1967.954733,-1967.915706,-1967.960477,-1967.930679,-1967.936223,-1967.765775,-1967.945952,-1967.942753,-1967.942437,-1967.942417,-1967.957948,-1967.943161,-1967.954899,-1967.968891,-1967.985973,-1967.943161,-1967.982568,-1967.982149,-1967.954899,-1968.003322,-1967.973186,-1968.008516,-1968.007757,-1967.998883,-1968.000876,-1968.000608,-1968.007757,-1967.999612,-1967.999676,-1967.990255,-1967.995123,-1967.989654,-1967.999708,-1967.98815,-1967.981894,-1967.989631,-1967.990255
3,12,-1775.260805,-1775.269743,-1775.315766,-1775.26991,-1775.286223,-1775.301453,-1775.228806,-1775.310132,-1775.315079,-1775.324647,-1775.321785,-1775.324647,-1775.299975,-1775.318714,-1775.324647,-1775.308081,-1775.274826,-1775.315412,-1775.283456,-1775.286784,-1775.117316,-1775.297116,-1775.293982,-1775.302515,-1775.305747,-1775.312294,-1775.299058,-1775.307677,-1775.329154,-1775.337192,-1775.299058,-1775.337072,-1775.336765,-1775.307677,-1775.35962,-1775.326493,-1775.364462,-1775.363682,-1775.361323,-1775.352375,-1775.360547,-1775.363682,-1775.354007,-1775.360436,-1775.348479,-1775.348614,-1775.343778,-1775.352235,-1775.345897,-1775.338949,-1775.347909,-1775.348479
4,0,-1700.112539,-1700.121489,-1700.167356,-1700.121654,-1700.137284,-1700.153202,-1700.080591,-1700.16004,-1700.166718,-1700.174322,-1700.170692,-1700.174322,-1700.151451,-1700.1707,-1700.174322,-1700.159914,-1700.12671,-1700.166872,-1700.134694,-1700.1381,-1699.965843,-1700.147487,-1700.144657,-1700.153997,-1700.15593,-1700.163364,-1700.150069,-1700.159579,-1700.180884,-1700.188795,-1700.150069,-1700.188577,-1700.18794,-1700.159579,-1700.210557,-1700.179467,-1700.215522,-1700.215003,-1700.213127,-1700.204302,-1700.212469,-1700.215004,-1700.205494,-1700.212221,-1700.200632,-1700.200436,-1700.195281,-1700.203906,-1700.196326,-1700.190763,-1700.198991,-1700.200632
4,1,-2619.037898,-2619.046848,-2619.088433,-2619.047014,-2619.058324,-2619.074393,-2619.00595,-2619.085124,-2619.089851,-2619.098935,-2619.098607,-2619.098935,-2619.077908,-2619.092891,-2619.098935,-2619.086451,-2619.048647,-2619.088952,-2619.060895,-2619.065042,-2618.881394,-2619.074834,-2619.068236,-2619.075361,-2619.078172,-2619.084986,-2619.071617,-2619.085781,-2619.102874,-2619.114691,-2619.071617,-2619.1106,-2619.108515,-2619.085781,-2619.134056,-2619.105864,-2619.139825,-2619.138851,-2619.134414,-2619.130207,-2619.134209,-2619.138851,-2619.12839,-2619.134824,-2619.123587,-2619.123788,-2619.117453,-2619.126706,-2619.119234,-2619.112825,-2619.12188,-2619.123587
4,2,-2036.899867,-2036.908817,-2036.952247,-2036.908982,-2036.922103,-2036.93836,-2036.867919,-2036.949386,-2036.95266,-2036.961319,-2036.958699,-2036.961319,-2036.942053,-2036.957229,-2036.96132,-2036.94905,-2036.913257,-2036.952596,-2036.923554,-2036.92791,-2036.74476,-2036.936941,-2036.930232,-2036.939307,-2036.941674,-2036.948458,-2036.934744,-2036.94844,-2036.966546,-2036.977856,-2036.934744,-2036.974059,-2036.971401,-2036.94844,-2036.997741,-2036.969295,-2037.003237,-2037.002461,-2036.998688,-2036.99341,-2036.999297,-2037.002461,-2036.992031,-2036.999529,-2036.986382,-2036.987231,-2036.980922,-2036.990268,-2036.982241,-2036.977205,-2036.984771,-2036.986382
4,3,-1904.458242,-1904.467192,-1904.508763,-1904.467357,-1904.479068,-1904.495218,-1904.426294,-1904.50887,-1904.510673,-1904.521021,-1904.517762,-1904.521022,-1904.502479,-1904.51512,-1904.521022,-1904.508974,-1904.471341,-1904.510219,-1904.483856,-1904.488461,-1904.297289,-1904.49753,-1904.489382,-1904.496381,-1904.500051,-1904.505508,-1904.491509,-1904.508742,-1904.523935,-1904.538616,-1904.491509,-1904.531447,-1904.531836,-1904.508742,-1904.556613,-1904.530499,-1904.560872,-1904.559991,-1904.555313,-1904.554299,-1904.555407,-1904.559991,-1904.550192,-1904.55629,-1904.543177,-1904.545483,-1904.541101,-1904.551066,-1904.53999,-1904.535124,-1904.542317,-1904.543177
4,4,-1927.824402,-1927.833352,-1927.876106,-1927.833517,-1927.848262,-1927.863572,-1927.792454,-1927.873946,-1927.877978,-1927.887181,-1927.882922,-1927.887181,-1927.86753,-1927.881843,-1927.887181,-1927.873469,-1927.838142,-1927.878014,-1927.848768,-1927.853028,-1927.675185,-1927.862378,-1927.855435,-1927.864421,-1927.866614,-1927.873685,-1927.860231,-1927.873654,-1927.891556,-1927.903041,-1927.860231,-1927.899422,-1927.896146,-1927.873654,-1927.923899,-1927.895081,-1927.927683,-1927.927045,-1927.924072,-1927.918287,-1927.9236,-1927.927045,-1927.917435,-1927.923543,-1927.911897,-1927.91204,-1927.906334,-1927.915388,-1927.907618,-1927.902243,-1927.910024,-1927.911897
4,5,-1739.403209,-1739.412158,-1739.458578,-1739.412324,-1739.429036,-1739.44457,-1739.371261,-1739.451335,-1739.457818,-1739.465979,-1739.460596,-1739.465979,-1739.442823,-1739.461809,-1739.465978,-1739.450909,-1739.418073,-1739.458314,-1739.425654,-1739.429586,-1739.258511,-1739.438536,-1739.435585,-1739.445207,-1739.447572,-1739.454817,-1739.441433,-1739.450539,-1739.471903,-1739.48013,-1739.441433,-1739.479914,-1739.479315,-1739.450539,-1739.501633,-1739.470363,-1739.506539,-1739.506115,-1739.504265,-1739.495574,-1739.503645,-1739.506115,-1739.496875,-1739.503222,-1739.491463,-1739.491692,-1739.486687,-1739.49524,-1739.487237,-1739.482022,-1739.489884,-1739.491463
4,6,-1739.402946,-1739.411896,-1739.458879,-1739.412061,-1739.428891,-1739.44451,-1739.370998,-1739.451004,-1739.457454,-1739.465682,-1739.461024,-1739.465683,-1739.442447,-1739.461902,-1739.465682,-1739.45027,-1739.417999,-1739.458159,-1739.425202,-1739.429376,-1739.259769,-1739.43801,-1739.436145,-1739.445554,-1739.44747,-1739.454702,-1739.441527,-1739.450087,-1739.472329,-1739.479855,-1739.441527,-1739.479879,-1739.479134,-1739.450087,-1739.501529,-1739.469733,-1739.506405,-1739.50593,-1739.504583,-1739.495286,-1739.503787,-1739.50593,-1739.496551,-1739.503395,-1739.492069,-1739.491369,-1739.486575,-1739.494985,-1739.487663,-1739.481982,-1739.490356,-1739.492069
4,7,-1739.401329,-1739.410279,-1739.456625,-1739.410444,-1739.42664,-1739.442453,-1739.369381,-1739.448845,-1739.455391,-1739.463515,-1739.459455,-1739.463515,-1739.440074,-1739.459604,-1739.463515,-1739.448499,-1739.415608,-1739.456058,-1739.42283,-1739.427273,-1739.257109,-1739.435747,-1739.4338,-1739.443259,-1739.445104,-1739.452683,-1739.439583,-1739.447715,-1739.470027,-1739.477738,-1739.439583,-1739.477806,-1739.477054,-1739.447715,-1739.49949,-1739.467498,-1739.504317,-1739.503854,-1739.502311,-1739.493172,-1739.501716,-1739.503854,-1739.494452,-1739.501305,-1739.489726,-1739.489313,-1739.484456,-1739.492881,-1739.485372,-1739.47967,-1739.488064,-1739.489726
4,8,-1739.405049,-1739.413999,-1739.44814,-1739.414164,-1739.427502,-1739.443602,-1739.373101,-1739.450549,-1739.461074,-1739.464817,-1739.463528,-1739.464817,-1739.440921,-1739.456038,-1739.464816,-1739.45056,-1739.412803,-1739.458509,-1739.426199,-1739.429871,-1739.25857,-1739.437373,-1739.441609,-1739.441419,-1739.445994,-1739.455565,-1739.442436,-1739.451084,-1739.467569,-1739.480206,-1739.442435,-1739.480866,-1739.479234,-1739.451085,-1739.501262,-1739.469754,-1739.505949,-1739.505527,-1739.49517,-1739.496212,-1739.50124,-1739.505527,-1739.49707,-1739.496638,-1739.490171,-1739.492436,-1739.487408,-1739.49621,-1739.486349,-1739.479572,-1739.488553,-1739.490171
4,9,-1853.649331,-1853.658281,-1853.705718,-1853.658446,-1853.677063,-1853.691848,-1853.617383,-1853.700801,-1853.704825,-1853.713488,-1853.707299,-1853.713488,-1853.690645,-1853.709205,-1853.713487,-1853.697998,-1853.665934,-1853.705824,-1853.675187,-1853.677493,-1853.506819,-1853.689288,-1853.681974,-1853.692148,-1853.693641,-1853.701865,-1853.688072,-1853.700072,-1853.71905,-1853.729428,-1853.688072,-1853.727393,-1853.723046,-1853.700072,-1853.748875,-1853.718788,-1853.754231,-1853.753649,-1853.750876,-1853.744933,-1853.750261,-1853.75365,-1853.744501,-1853.750249,-1853.738937,-1853.73946,-1853.734384,-1853.743121,-1853.734682,-1853.729728,-1853.737317,-1853.738937
4,10,-1853.650869,-1853.659819,-1853.693971,-1853.659984,-1853.674722,-1853.690238,-1853.618921,-1853.697734,-1853.706721,-1853.71269,-1853.709663,-1853.71269,-1853.687903,-1853.702554,-1853.712689,-1853.698657,-1853.659636,-1853.704354,-1853.673896,-1853.676489,-1853.508209,-1853.687558,-1853.687261,-1853.686995,-1853.687237,-1853.701994,-1853.687708,-1853.698781,-1853.713327,-1853.727358,-1853.687708,-1853.726783,-1853.726493,-1853.698781,-1853.747041,-1853.717362,-1853.752226,-1853.751715,-1853.743966,-1853.742875,-1853.745624,-1853.751715,-1853.743343,-1853.74419,-1853.736598,-1853.739133,-1853.733668,-1853.74257,-1853.732576,-1853.726182,-1853.734814,-1853.736598
4,11,-2007.189897,-2007.198847,-2007.233671,-2007.199012,-2007.215115,-2007.229337,-2007.157949,-2007.241098,-2007.246438,-2007.255267,-2007.248146,-2007.255267,-2007.231186,-2007.24192,-2007.255267,-2007.238429,-2007.199377,-2007.244337,-2007.214607,-2007.219976,-2007.050338,-2007.22946,-2007.226572,-2007.226245,-2007.22627,-2007.24148,-2007.227047,-2007.239492,-2007.252792,-2007.269816,-2007.227047,-2007.266597,-2007.265929,-2007.239492,-2007.288639,-2007.257779,-2007.292251,-2007.291671,-2007.282834,-2007.284849,-2007.284506,-2007.291671,-2007.283365,-2007.283353,-2007.2755,-2007.279006,-2007.273619,-2007.283623,-2007.271474,-2007.26551,-2007.273642,-2007.2755
4,12,-1814.544814,-1814.553764,-1814.59928,-1814.553929,-1814.570091,-1814.585447,-1814.512866,-1814.592615,-1814.598985,-1814.608244,-1814.60562,-1814.608244,-1814.583854,-1814.602334,-1814.608244,-1814.591738,-1814.558406,-1814.599268,-1814.567384,-1814.570577,-1814.401879,-1814.581148,-1814.577721,-1814.586297,-1814.589582,-1814.595823,-1814.582941,-1814.592269,-1814.613057,-1814.621024,-1814.582941,-1814.621142,-1814.620362,-1814.59227,-1814.643068,-1814.611086,-1814.648189,-1814.647606,-1814.645297,-1814.636367,-1814.644459,-1814.647606,-1814.637754,-1814.644109,-1814.633805,-1814.632507,-1814.627743,-1814.636066,-1814.629205,-1814.622506,-1814.631905,-1814.633805
5,0,-1813.14538,-1813.154838,-1813.201535,-1813.154995,-1813.170789,-1813.18625,-1813.113593,-1813.195083,-1813.198986,-1813.20903,-1813.202308,-1813.209029,-1813.184466,-1813.204879,-1813.209029,-1813.19406,-1813.160283,-1813.198508,-1813.166645,-1813.169333,-1813.000383,-1813.183248,-1813.186847,-1813.185743,-1813.188293,-1813.196401,-1813.181787,-1813.192915,-1813.212198,-1813.221766,-1813.181787,-1813.223247,-1813.214929,-1813.192915,-1813.244186,-1813.212802,-1813.246787,-1813.249307,-1813.246928,-1813.237155,-1813.243818,-1813.249307,-1813.236772,-1813.246475,-1813.232255,-1813.233992,-1813.228704,-1813.236512,-1813.233386,-1813.224428,-1813.231358,-1813.232255
5,1,-2732.070739,-2732.080197,-2732.122488,-2732.080354,-2732.091725,-2732.107421,-2732.038952,-2732.121043,-2732.122196,-2732.134471,-2732.130069,-2732.134471,-2732.109053,-2732.127044,-2732.134471,-2732.120372,-2732.082169,-2732.120496,-2732.092846,-2732.095766,-2731.915934,-2732.10961,-2732.09981,-2732.106939,-2732.110413,-2732.118016,-2732.10325,-2732.119116,-2732.135223,-2732.147838,-2732.10325,-2732.146459,-2732.14011,-2732.119116,-2732.167742,-2732.139199,-2732.171033,-2732.173697,-2732.168236,-2732.16318,-2732.165531,-2732.173697,-2732.159622,-2732.169037,-2732.155187,-2732.157425,-2732.151097,-2732.159412,-2732.15632,-2732.146535,-2732.154309,-2732.155187
5,2,-2149.932707,-2149.942165,-2149.986289,-2149.942323,-2149.955529,-2149.971398,-2149.90092,-2149.985298,-2149.985026,-2149.996776,-2149.990526,-2149.996776,-2149.973065,-2149.991419,-2149.996776,-2149.982975,-2149.946797,-2149.984112,-2149.955505,-2149.958617,-2149.7793,-2149.972626,-2149.962481,-2149.970964,-2149.973995,-2149.981476,-2149.966338,-2149.981775,-2149.997795,-2150.010991,-2149.966338,-2150.008537,-2150.003017,-2149.981775,-2150.031388,-2150.00263,-2150.034461,-2150.036861,-2150.032533,-2150.026391,-2150.030579,-2150.036862,-2150.023262,-2150.033702,-2150.01803,-2150.020835,-2150.015326,-2150.022905,-2150.019209,-2150.010971,-2150.017269,-2150.01803
5,3,-2017.491083,-2017.500541,-2017.542721,-2017.500698,-2017.512464,-2017.528246,-2017.459296,-2017.544652,-2017.543117,-2017.556365,-2017.549852,-2017.556366,-2017.534838,-2017.549326,-2017.556365,-2017.542727,-2017.504868,-2017.541654,-2017.515807,-2017.519115,-2017.331829,-2017.533074,-2017.52158,-2017.527966,-2017.532205,-2017.538549,-2017.52303,-2017.542077,-2017.55514,-2017.571812,-2017.52303,-2017.56616,-2017.563456,-2017.542077,-2017.588654,-2017.563834,-2017.592059,-2017.594441,-2017.589167,-2017.587313,-2017.586796,-2017.594442,-2017.581383,-2017.590438,-2017.575818,-2017.579126,-2017.574499,-2017.583856,-2017.576864,-2017.568979,-2017.574918,-2017.575818
5,4,-2040.857242,-2040.8667,-2040.910169,-2040.866858,-2040.88176,-2040.896601,-2040.825456,-2040.909854,-2040.910316,-2040.922649,-2040.914867,-2040.922649,-2040.899873,-2040.916037,-2040.922649,-2040.907438,-2040.871703,-2040.909596,-2040.880719,-2040.880647,-2040.709725,-2040.89796,-2040.887732,-2040.896119,-2040.898974,-2040.906781,-2040.891879,-2040.906989,-2040.922784,-2040.936079,-2040.891879,-2040.934048,-2040.927761,-2040.906989,-2040.955918,-2040.928416,-2040.958928,-2040.961374,-2040.957802,-2040.951289,-2040.954978,-2040.961374,-2040.948685,-2040.957761,-2040.943534,-2040.945608,-2040.941005,-2040.947725,-2040.944607,-2040.936008,-2040.942412,-2040.943534
5,5,-1852.436049,-1852.445507,-1852.49275,-1852.445664,-1852.462581,-1852.477614,-1852.404262,-1852.486461,-1852.490078,-1852.500759,-1852.491701,-1852.500759,-1852.475843,-1852.495979,-1852.500758,-1852.485184,-1852.451648,-1852.489935,-1852.457605,-1852.460829,-1852.293051,-1852.474465,-1852.467473,-1852.476986,-1852.479898,-1852.48786,-1852.473153,-1852.483875,-1852.503055,-1852.51309,-1852.473153,-1852.514366,-1852.506165,-1852.483875,-1852.5353,-1852.503699,-1852.537825,-1852.540194,-1852.538083,-1852.528441,-1852.535001,-1852.540194,-1852.528162,-1852.537457,-1852.523066,-1852.52523,-1852.520038,-1852.527805,-1852.524276,-1852.515714,-1852.522252,-1852.523066
5,6,-1852.435786,-1852.445245,-1852.493104,-1852.445402,-1852.46242,-1852.477563,-1852.404,-1852.486068,-1852.489703,-1852.500409,-1852.492622,-1852.500408,-1852.475474,-1852.496109,-1852.500408,-1852.484834,-1852.451601,-1852.48982,-1852.457153,-1852.460638,-1852.294308,-1852.473863,-1852.478386,-1852.477337,-1852.479851,-1852.487754,-1852.473276,-1852.483423,-1852.503615,-1852.512787,-1852.473276,-1852.514519,-1852.506023,-1852.483423,-1852.535163,-1852.503068,-1852.537682,-1852.54017,-1852.538388,-1852.528166,-1852.535125,-1852.54017,-1852.527841,-1852.537653,-1852.523701,-1852.524908,-1852.519932,-1852.52755,-1852.524738,-1852.515647,-1852.522677,-1852.523701
5,7,-1852.434169,-1852.443627,-1852.490837,-1852.443785,-1852.460162,-1852.475503,-1852.402382,-1852.483926,-1852.487645,-1852.498266,-1852.491048,-1852.498265,-1852.473096,-1852.493793,-1852.498265,-1852.482817,-1852.449192,-1852.48772,-1852.454781,-1852.45853,-1852.291649,-1852.471576,-1852.465686,-1852.475022,-1852.477476,-1852.485735,-1852.471336,-1852.48105,-1852.50136,-1852.510689,-1852.471336,-1852.512512,-1852.503959,-1852.48105,-1852.533119,-1852.500833,-1852.535599,-1852.53816,-1852.536115,-1852.526037,-1852.533069,-1852.538159,-1852.525745,-1852.535576,-1852.521361,-1852.522865,-1852.517857,-1852.525479,-1852.522456,-1852.513311,-1852.520399,-1852.521361
5,8,-1852.437889,-1852.447347,-1852.482103,-1852.447505,-1852.461243,-1852.476592,-1852.406102,-1852.484032,-1852.493353,-1852.498223,-1852.494658,-1852.498223,-1852.473979,-1852.489773,-1852.498223,-1852.484963,-1852.445645,-1852.490097,-1852.45815,-1852.461092,-1852.29311,-1852.47181,-1852.473326,-1852.473071,-1852.478974,-1852.48886,-1852.474197,-1852.48442,-1852.498826,-1852.513155,-1852.474196,-1852.515438,-1852.512934,-1852.48442,-1852.534929,-1852.503089,-1852.537135,-1852.539665,-1852.528521,-1852.528929,-1852.534816,-1852.539665,-1852.528346,-1852.530738,-1852.521833,-1852.525968,-1852.520995,-1852.528816,-1852.523482,-1852.512789,-1852.521012,-1852.521833
5,9,-1966.682171,-1966.691629,-1966.739854,-1966.691787,-1966.710695,-1966.724331,-1966.650385,-1966.73699,-1966.737067,-1966.750182,-1966.737404,-1966.750182,-1966.723633,-1966.743359,-1966.750182,-1966.732411,-1966.699466,-1966.737429,-1966.707138,-1966.708685,-1966.541359,-1966.725045,-1966.714589,-1966.72397,-1966.725951,-1966.734942,-1966.719777,-1966.733407,-1966.750252,-1966.76096,-1966.719777,-1966.762066,-1966.754633,-1966.733407,-1966.782528,-1966.752123,-1966.785453,-1966.787906,-1966.784703,-1966.77791,-1966.781619,-1966.787906,-1966.775746,-1966.784475,-1966.770578,-1966.772967,-1966.767759,-1966.77566,-1966.771684,-1966.763468,-1966.769766,-1966.770578
5,10,-1966.68371,-1966.693168,-1966.727756,-1966.693325,-1966.708757,-1966.723013,-1966.651923,-1966.73336,-1966.738978,-1966.748245,-1966.740769,-1966.748245,-1966.720894,-1966.736235,-1966.748245,-1966.732931,-1966.692509,-1966.735944,-1966.705847,-1966.707731,-1966.542748,-1966.723316,-1966.720039,-1966.718614,-1966.71962,-1966.73484,-1966.719402,-1966.732116,-1966.74416,-1966.760191,-1966.719402,-1966.761436,-1966.758839,-1966.732116,-1966.781689,-1966.750697,-1966.783475,-1966.785769,-1966.777129,-1966.775522,-1966.77782,-1966.785768,-1966.774652,-1966.778465,-1966.768242,-1966.772805,-1966.766788,-1966.775484,-1966.769736,-1966.759515,-1966.767194,-1966.768242
5,11,-2120.222737,-2120.232195,-2120.267366,-2120.232353,-2120.249209,-2120.262116,-2120.19095,-2120.275534,-2120.278678,-2120.289609,-2120.278954,-2120.28961,-2120.26363,-2120.27557,-2120.289609,-2120.272664,-2120.232201,-2120.275895,-2120.246558,-2120.250696,-2120.084878,-2120.265052,-2120.259258,-2120.257914,-2120.258647,-2120.274374,-2120.258732,-2120.272827,-2120.282997,-2120.302658,-2120.258732,-2120.30122,-2120.292312,-2120.272827,-2120.320501,-2120.291114,-2120.323485,-2120.325669,-2120.316028,-2120.317687,-2120.316721,-2120.325668,-2120.314641,-2120.317627,-2120.307124,-2120.312659,-2120.306736,-2120.315368,-2120.308554,-2120.298852,-2120.306111,-2120.307124
5,12,-1927.577654,-1927.587112,-1927.63351,-1927.58727,-1927.603651,-1927.618489,-1927.545868,-1927.627754,-1927.631212,-1927.643063,-1927.637546,-1927.643063,-1927.616869,-1927.636512,-1927.643063,-1927.62592,-1927.592003,-1927.630938,-1927.599335,-1927.601835,-1927.436419,-1927.616528,-1927.609968,-1927.61808,-1927.622011,-1927.62888,-1927.616137,-1927.625605,-1927.645515,-1927.653951,-1927.616137,-1927.656299,-1927.647169,-1927.625605,-1927.676701,-1927.644421,-1927.679476,-1927.682001,-1927.679092,-1927.669234,-1927.675805,-1927.682,-1927.669055,-1927.6784,-1927.66545,-1927.666046,-1927.661218,-1927.668593,-1927.666406,-1927.656146,-1927.664105,-1927.66545
19,0,-1700.110054,-1700.11924,-1700.166418,-1700.119442,-1700.135312,-1700.151099,-1700.077659,-1700.159556,-1700.163315,-1700.173808,-1700.168055,-1700.173808,-1700.143719,-1700.168536,-1700.173808,-1700.156655,-1700.122518,-1700.164743,-1700.133679,-1700.137698,-1699.964273,-1700.134203,-1700.153016,-1700.151566,-1700.155523,-1700.162252,-1700.147337,-1700.158119,-1700.178953,-1700.187681,-1700.147337,-1700.186076,-1700.188895,-1700.15812,-1700.212235,-1700.178007,-1700.214988,-1700.214845,-1700.212218,-1700.203149,-1700.21165,-1700.214847,-1700.20487,-1700.21202,-1700.199396,-1700.200111,-1700.194552,-1700.202336,-1700.194511,-1700.190386,-1700.197865,-1700.199395
19,1,-2619.035413,-2619.044599,-2619.087442,-2619.044801,-2619.056352,-2619.072301,-2619.003018,-2619.084817,-2619.086439,-2619.098557,-2619.09598,-2619.098557,-2619.070768,-2619.090693,-2619.098558,-2619.083345,-2619.044542,-2619.086794,-2619.05988,-2619.064175,-2618.879824,-2619.060929,-2619.058931,-2619.072882,-2619.077625,-2619.084021,-2619.06888,-2619.084321,-2619.100953,-2619.113629,-2619.06888,-2619.108199,-2619.111383,-2619.084321,-2619.136029,-2619.104404,-2619.139014,-2619.138619,-2619.133583,-2619.129553,-2619.133272,-2619.13862,-2619.127573,-2619.134619,-2619.12247,-2619.123392,-2619.11664,-2619.125016,-2619.117627,-2619.112442,-2619.120756,-2619.12247
19,2,-2036.897382,-2036.906567,-2036.951224,-2036.906769,-2036.920199,-2036.936294,-2036.864987,-2036.949096,-2036.949217,-2036.960932,-2036.956088,-2036.95965,-2036.934831,-2036.955036,-2036.95965,-2036.945884,-2036.909184,-2036.950467,-2036.922539,-2036.927025,-2036.74319,-2036.923752,-2036.921412,-2036.936787,-2036.941167,-2036.947452,-2036.931996,-2036.946979,-2036.964529,-2036.974509,-2036.931996,-2036.971578,-2036.974393,-2036.94698,-2036.999382,-2036.967835,-2037.002562,-2037.002311,-2036.997841,-2036.992697,-2036.998295,-2037.002313,-2036.991269,-2036.999298,-2036.985201,-2036.986848,-2036.980242,-2036.988591,-2036.980548,-2036.976839,-2036.983668,-2036.985201
19,3,-1904.455757,-1904.464943,-1904.507642,-1904.465145,-1904.477173,-1904.493188,-1904.423362,-1904.508552,-1904.507202,-1904.520637,-1904.515191,-1904.520638,-1904.495838,-1904.512903,-1904.520638,-1904.505822,-1904.477384,-1904.508104,-1904.482841,-1904.487583,-1904.295719,-1904.484472,-1904.480571,-1904.493787,-1904.499371,-1904.504595,-1904.488759,-1904.507281,-1904.521847,-1904.537592,-1904.488759,-1904.528961,-1904.530545,-1904.507282,-1904.556554,-1904.529039,-1904.56013,-1904.55981,-1904.554505,-1904.553565,-1904.554573,-1904.559812,-1904.549303,-1904.55607,-1904.542935,-1904.54506,-1904.537781,-1904.549331,-1904.538372,-1904.534771,-1904.541244,-1904.542935
19,4,-1927.821917,-1927.831102,-1927.875059,-1927.831305,-1927.846366,-1927.861527,-1927.789522,-1927.873647,-1927.87455,-1927.885484,-1927.880334,-1927.885485,-1927.860833,-1927.879637,-1927.885485,-1927.870238,-1927.844343,-1927.875899,-1927.847753,-1927.849028,-1927.673615,-1927.849228,-1927.846623,-1927.861896,-1927.866129,-1927.87263,-1927.857472,-1927.872194,-1927.889488,-1927.900319,-1927.857473,-1927.896923,-1927.899614,-1927.872194,-1927.923813,-1927.893621,-1927.927079,-1927.926875,-1927.923172,-1927.917575,-1927.922809,-1927.926876,-1927.916699,-1927.923352,-1927.910721,-1927.911679,-1927.905687,-1927.913552,-1927.905866,-1927.901883,-1927.908881,-1927.910721
19,5,-1739.400723,-1739.409909,-1739.457631,-1739.410111,-1739.427051,-1739.442478,-1739.368328,-1739.450865,-1739.454438,-1739.465474,-1739.457994,-1739.465474,-1739.435044,-1739.45963,-1739.465474,-1739.447619,-1739.413726,-1739.456155,-1739.424639,-1739.429186,-1739.256941,-1739.425311,-1739.44373,-1739.442791,-1739.447223,-1739.453803,-1739.438702,-1739.449079,-1739.469947,-1739.479006,-1739.438702,-1739.477403,-1739.480265,-1739.44908,-1739.503206,-1739.468904,-1739.506046,-1739.505967,-1739.503338,-1739.494422,-1739.502839,-1739.505969,-1739.49625,-1739.503022,-1739.490249,-1739.491372,-1739.485932,-1739.493637,-1739.48541,-1739.48166,-1739.488749,-1739.490248
19,6,-1739.400461,-1739.409646,-1739.457956,-1739.409849,-1739.426926,-1739.442408,-1739.368066,-1739.450533,-1739.454059,-1739.465178,-1739.458386,-1739.465178,-1739.434701,-1739.459752,-1739.465178,-1739.446952,-1739.413839,-1739.456036,-1739.424187,-1739.428992,-1739.258198,-1739.424706,-1739.444187,-1739.443134,-1739.447097,-1739.453565,-1739.438794,-1739.448627,-1739.470356,-1739.478751,-1739.438794,-1739.477371,-1739.480113,-1739.448628,-1739.503183,-1739.468273,-1739.505905,-1739.505773,-1739.503655,-1739.49413,-1739.502961,-1739.505775,-1739.495967,-1739.503197,-1739.490829,-1739.491058,-1739.485832,-1739.493423,-1739.485825,-1739.48161,-1739.489217,-1739.490829
19,7,-1739.398844,-1739.408029,-1739.4557,-1739.408231,-1739.424658,-1739.440339,-1739.366449,-1739.448386,-1739.45201,-1739.463025,-1739.456789,-1739.463025,-1739.432195,-1739.457449,-1739.463025,-1739.445229,-1739.411401,-1739.453928,-1739.421815,-1739.426888,-1739.255538,-1739.422458,-1739.442205,-1739.440838,-1739.444718,-1739.451555,-1739.436861,-1739.446255,-1739.468118,-1739.476631,-1739.436861,-1739.475301,-1739.478024,-1739.446255,-1739.501195,-1739.466038,-1739.503816,-1739.503694,-1739.501386,-1739.492017,-1739.500914,-1739.503696,-1739.493865,-1739.501109,-1739.488472,-1739.488999,-1739.483699,-1739.491326,-1739.483528,-1739.47929,-1739.486929,-1739.488472
19,8,-1739.402564,-1739.411749,-1739.44644,-1739.411951,-1739.424658,-1739.441797,-1739.370169,-1739.44707,-1739.457692,-1739.461479,-1739.460634,-1739.461479,-1739.432407,-1739.45378,-1739.461477,-1739.447763,-1739.407392,-1739.456261,-1739.425184,-1739.429391,-1739.257,-1739.431115,-1739.437696,-1739.439391,-1739.445408,-1739.454286,-1739.439837,-1739.449624,-1739.46636,-1739.47909,-1739.439837,-1739.478402,-1739.480273,-1739.449625,-1739.502961,-1739.468294,-1739.505361,-1739.505327,-1739.494118,-1739.494933,-1739.501626,-1739.505328,-1739.496493,-1739.496424,-1739.488751,-1739.492123,-1739.486633,-1739.494663,-1739.484373,-1739.478975,-1739.487352,-1739.488751
19,9,-1853.646846,-1853.656031,-1853.704762,-1853.656234,-1853.675088,-1853.689786,-1853.614451,-1853.69911,-1853.701436,-1853.71296,-1853.702111,-1853.71296,-1853.685005,-1853.706996,-1853.71296,-1853.694663,-1853.661464,-1853.703713,-1853.674172,-1853.677036,-1853.505249,-1853.67573,-1853.690613,-1853.689795,-1853.693266,-1853.700721,-1853.685333,-1853.698612,-1853.716922,-1853.726853,-1853.685333,-1853.724856,-1853.72646,-1853.698612,-1853.750536,-1853.717328,-1853.753664,-1853.753485,-1853.749951,-1853.74422,-1853.749475,-1853.753486,-1853.743823,-1853.750046,-1853.737747,-1853.739111,-1853.733587,-1853.741497,-1853.732958,-1853.729378,-1853.736186,-1853.737747
19,10,-1853.648384,-1853.65757,-1853.692479,-1853.657772,-1853.671508,-1853.688097,-1853.615989,-1853.694571,-1853.703266,-1853.709609,-1853.706916,-1853.70961,-1853.679512,-1853.700228,-1853.709609,-1853.695826,-1853.654192,-1853.70221,-1853.672881,-1853.676035,-1853.506638,-1853.675405,-1853.68251,-1853.684214,-1853.686414,-1853.700803,-1853.685067,-1853.697321,-1853.711589,-1853.726246,-1853.685067,-1853.724375,-1853.726493,-1853.697321,-1853.748613,-1853.715902,-1853.751653,-1853.751541,-1853.742981,-1853.741676,-1853.745474,-1853.751542,-1853.742745,-1853.744064,-1853.735169,-1853.738874,-1853.733013,-1853.741212,-1853.73062,-1853.725639,-1853.733539,-1853.735169
19,11,-2007.187412,-2007.196597,-2007.231921,-2007.196799,-2007.21176,-2007.227283,-2007.155017,-2007.23653,-2007.243005,-2007.250749,-2007.242057,-2007.250749,-2007.22333,-2007.2395,-2007.250748,-2007.235623,-2007.193828,-2007.242188,-2007.213592,-2007.219031,-2007.048768,-2007.217244,-2007.223054,-2007.223425,-2007.225441,-2007.240273,-2007.224407,-2007.238032,-2007.250924,-2007.268645,-2007.224407,-2007.264159,-2007.266129,-2007.238032,-2007.28841,-2007.256319,-2007.291645,-2007.291493,-2007.281859,-2007.284072,-2007.284382,-2007.291493,-2007.282659,-2007.283206,-2007.274149,-2007.278731,-2007.272867,-2007.281059,-2007.269522,-2007.264967,-2007.272417,-2007.274149
19,12,-1814.542329,-1814.551514,-1814.598394,-1814.551717,-1814.568092,-1814.583336,-1814.509934,-1814.592146,-1814.595615,-1814.607759,-1814.60288,-1814.607759,-1814.576057,-1814.600183,-1814.607759,-1814.58848,-1814.554208,-1814.597121,-1814.566369,-1814.570176,-1814.400308,-1814.567534,-1814.569851,-1814.583981,-1814.589176,-1814.594737,-1814.581632,-1814.590809,-1814.611372,-1814.619885,-1814.581632,-1814.61873,-1814.621317,-1814.59081,-1814.644863,-1814.609626,-1814.647627,-1814.647405,-1814.644363,-1814.635242,-1814.643639,-1814.647406,-1814.637159,-1814.643931,-1814.632536,-1814.632195,-1814.626976,-1814.634462,-1814.627402,-1814.622123,-1814.630694,-1814.632536
20,0,-1773.857752,-1773.866519,-1773.914092,-1773.866711,-1773.884143,-1773.898329,-1773.825305,-1773.908922,-1773.912307,-1773.922974,-1773.916212,-1773.922974,-1773.899344,-1773.917221,-1773.922975,-1773.906202,-1773.872126,-1773.909701,-1773.879144,-1773.88072,-1773.71238,-1773.895256,-1773.892017,-1773.898188,-1773.90006,-1773.909548,-1773.894534,-1773.903035,-1773.927664,-1773.933351,-1773.894534,-1773.931547,-1773.933503,-1773.903035,-1773.957423,-1773.922922,-1773.960537,-1773.958322,-1773.956134,-1773.9502,-1773.956353,-1773.958324,-1773.950278,-1773.958661,-1773.944856,-1773.946635,-1773.940302,-1773.948163,-1773.941316,-1773.934895,-1773.944032,-1773.944856
20,1,-2692.783111,-2692.791878,-2692.834918,-2692.792071,-2692.804927,-2692.819374,-2692.750664,-2692.834029,-2692.835311,-2692.847585,-2692.843876,-2692.847585,-2692.825563,-2692.839347,-2692.847586,-2692.832446,-2692.793989,-2692.831666,-2692.805345,-2692.802852,-2692.627931,-2692.821577,-2692.813765,-2692.819418,-2692.822032,-2692.831138,-2692.816007,-2692.829236,-2692.849317,-2692.860507,-2692.816007,-2692.854332,-2692.856376,-2692.829236,-2692.880902,-2692.849319,-2692.884587,-2692.882189,-2692.877392,-2692.876018,-2692.877868,-2692.882189,-2692.872973,-2692.881151,-2692.86752,-2692.869997,-2692.862359,-2692.870603,-2692.864389,-2692.856908,-2692.866942,-2692.86752
20,2,-2110.64508,-2110.653847,-2110.698714,-2110.654039,-2110.668665,-2110.683367,-2110.612632,-2110.698249,-2110.698115,-2110.70841,-2110.703959,-2110.70841,-2110.689727,-2110.703742,-2110.708411,-2110.695053,-2110.65856,-2110.695357,-2110.668004,-2110.666385,-2110.491297,-2110.684295,-2110.677688,-2110.68366,-2110.685609,-2110.694585,-2110.679091,-2110.691895,-2110.713408,-2110.719866,-2110.679091,-2110.7179,-2110.719396,-2110.691895,-2110.744413,-2110.71275,-2110.748017,-2110.74755,-2110.741674,-2110.739162,-2110.742921,-2110.745906,-2110.736598,-2110.745857,-2110.730411,-2110.733465,-2110.725958,-2110.734153,-2110.727276,-2110.721339,-2110.7298,-2110.730411
20,3,-1978.203455,-1978.212222,-1978.255097,-1978.212414,-1978.225371,-1978.240144,-1978.171008,-1978.257493,-1978.256032,-1978.269315,-1978.262866,-1978.269315,-1978.25,-1978.261647,-1978.269315,-1978.254892,-1978.216511,-1978.252934,-1978.228306,-1978.230801,-1978.043826,-1978.244479,-1978.233748,-1978.240863,-1978.243701,-1978.251598,-1978.235822,-1978.252197,-1978.270853,-1978.284594,-1978.235822,-1978.27532,-1978.279575,-1978.252197,-1978.301503,-1978.273954,-1978.305541,-1978.303505,-1978.29839,-1978.300099,-1978.299024,-1978.303507,-1978.294601,-1978.302628,-1978.287963,-1978.291756,-1978.284669,-1978.29599,-1978.285027,-1978.27928,-1978.287339,-1978.287963
20,4,-2001.569615,-2001.578382,-2001.622574,-2001.578574,-2001.594763,-2001.608646,-2001.537167,-2001.622632,-2001.623465,-2001.634113,-2001.628207,-2001.635555,-2001.615168,-2001.628362,-2001.634114,-2001.619608,-2001.583349,-2001.620848,-2001.593218,-2001.591833,-2001.421722,-2001.609456,-2001.602777,-2001.608741,-2001.610613,-2001.619835,-2001.60459,-2001.617109,-2001.638393,-2001.646114,-2001.60459,-2001.643259,-2001.644039,-2001.617109,-2001.668953,-2001.638536,-2001.672534,-2001.670431,-2001.667117,-2001.663991,-2001.667422,-2001.670433,-2001.662041,-2001.670006,-2001.655989,-2001.658267,-2001.6514,-2001.659324,-2001.652616,-2001.646407,-2001.654973,-2001.655989
20,5,-1813.148421,-1813.157189,-1813.20529,-1813.157381,-1813.175922,-1813.189715,-1813.115974,-1813.200256,-1813.203398,-1813.214673,-1813.206144,-1813.214673,-1813.190754,-1813.20831,-1813.214673,-1813.19722,-1813.163452,-1813.201187,-1813.170104,-1813.17221,-1813.005048,-1813.184892,-1813.183384,-1813.189879,-1813.191672,-1813.200964,-1813.185895,-1813.193995,-1813.219159,-1813.224643,-1813.185895,-1813.223127,-1813.225704,-1813.193995,-1813.248483,-1813.213819,-1813.25156,-1813.24955,-1813.247264,-1813.241447,-1813.247567,-1813.249552,-1813.241642,-1813.249691,-1813.235752,-1813.237903,-1813.231763,-1813.23945,-1813.232202,-1813.22619,-1813.234871,-1813.235751
20,6,-1813.148159,-1813.156926,-1813.205698,-1813.157118,-1813.1758,-1813.189671,-1813.115712,-1813.199916,-1813.203073,-1813.214382,-1813.206572,-1813.214382,-1813.190376,-1813.208461,-1813.214383,-1813.196618,-1813.163414,-1813.201024,-1813.169652,-1813.172065,-1813.006305,-1813.186118,-1813.183448,-1813.189712,-1813.19166,-1813.200898,-1813.186019,-1813.193543,-1813.219084,-1813.224504,-1813.186019,-1813.222815,-1813.225642,-1813.193543,-1813.248424,-1813.213188,-1813.251468,-1813.249218,-1813.247586,-1813.241176,-1813.247714,-1813.249219,-1813.241384,-1813.249847,-1813.236331,-1813.237562,-1813.231591,-1813.239318,-1813.232637,-1813.226132,-1813.235375,-1813.236331
20,7,-1813.146542,-1813.155309,-1813.203458,-1813.155501,-1813.173574,-1813.187605,-1813.114094,-1813.197802,-1813.20101,-1813.212261,-1813.205012,-1813.212261,-1813.188025,-1813.206142,-1813.212261,-1813.194838,-1813.161046,-1813.198911,-1813.16728,-1813.169964,-1813.003646,-1813.183698,-1813.181175,-1813.187422,-1813.189278,-1813.198885,-1813.184107,-1813.191171,-1813.216796,-1813.222384,-1813.184107,-1813.220755,-1813.222709,-1813.19117,-1813.246408,-1813.210953,-1813.249406,-1813.249013,-1813.24532,-1813.239087,-1813.245645,-1813.247132,-1813.239304,-1813.24777,-1813.234003,-1813.235515,-1813.229473,-1813.237227,-1813.230351,-1813.223806,-1813.231785,-1813.234003
20,8,-1813.150261,-1813.159029,-1813.196262,-1813.159221,-1813.175081,-1813.188662,-1813.117814,-1813.198026,-1813.206716,-1813.212358,-1813.210391,-1813.212358,-1813.188983,-1813.201925,-1813.212357,-1813.197413,-1813.158225,-1813.2012,-1813.170649,-1813.172585,-1813.005107,-1813.182399,-1813.183461,-1813.185823,-1813.189438,-1813.201945,-1813.187055,-1813.19454,-1813.214801,-1813.224791,-1813.187055,-1813.223933,-1813.225393,-1813.19454,-1813.248159,-1813.213209,-1813.250988,-1813.248879,-1813.238309,-1813.24222,-1813.249491,-1813.24888,-1813.241969,-1813.243283,-1813.234618,-1813.238616,-1813.231337,-1813.240565,-1813.231325,-1813.223553,-1813.23353,-1813.233366
20,9,-1927.394544,-1927.403311,-1927.452354,-1927.403503,-1927.423933,-1927.436996,-1927.362096,-1927.448449,-1927.450363,-1927.462114,-1927.452871,-1927.462114,-1927.440169,-1927.45566,-1927.462115,-1927.444242,-1927.411168,-1927.448627,-1927.419637,-1927.419944,-1927.253356,-1927.437482,-1927.432308,-1927.436823,-1927.437666,-1927.448029,-1927.432418,-1927.443528,-1927.465789,-1927.47366,-1927.432418,-1927.470459,-1927.473187,-1927.443527,-1927.495676,-1927.462243,-1927.499077,-1927.497018,-1927.493874,-1927.48946,-1927.494191,-1927.497019,-1927.489104,-1927.496745,-1927.483028,-1927.485583,-1927.478175,-1927.487194,-1927.479713,-1927.473892,-1927.482355,-1927.483028
20,10,-1927.396082,-1927.404849,-1927.442909,-1927.405041,-1927.42242,-1927.435279,-1927.363635,-1927.445461,-1927.452349,-1927.460505,-1927.455257,-1927.460505,-1927.435942,-1927.448293,-1927.460505,-1927.445263,-1927.404885,-1927.447272,-1927.418346,-1927.419079,-1927.254745,-1927.434017,-1927.430414,-1927.431388,-1927.430884,-1927.448123,-1927.432012,-1927.442237,-1927.46004,-1927.472836,-1927.432012,-1927.469928,-1927.471619,-1927.442236,-1927.493926,-1927.460817,-1927.497082,-1927.495167,-1927.487446,-1927.488758,-1927.489846,-1927.495167,-1927.488066,-1927.490948,-1927.480851,-1927.485355,-1927.478683,-1927.486634,-1927.477578,-1927.470162,-1927.479681,-1927.479933
20,11,-2080.93511,-2080.943877,-2080.982522,-2080.944069,-2080.962806,-2080.974382,-2080.902662,-2080.98817,-2080.992018,-2081.002391,-2080.992004,-2081.002391,-2080.979137,-2080.98762,-2081.002391,-2080.985008,-2080.944511,-2080.987225,-2080.959057,-2080.959262,-2080.796875,-2080.976604,-2080.969991,-2080.97106,-2080.969857,-2080.987584,-2080.971268,-2080.982948,-2080.999342,-2081.01518,-2080.970363,-2081.00986,-2081.01172,-2080.982947,-2081.033645,-2081.001234,-2081.036981,-2081.035181,-2081.026323,-2081.030372,-2081.028735,-2081.035181,-2081.027904,-2081.030156,-2081.018933,-2081.02518,-2081.016878,-2081.026366,-2081.016457,-2081.009478,-2081.018556,-2081.018933
20,12,-1888.290027,-1888.298794,-1888.346044,-1888.298986,-1888.31701,-1888.330607,-1888.257579,-1888.341497,-1888.344611,-1888.356995,-1888.35083,-1888.356995,-1888.331799,-1888.348845,-1888.356995,-1888.338126,-1888.303796,-1888.34216,-1888.311834,-1888.313231,-1888.148415,-1888.328869,-1888.324127,-1888.329995,-1888.333808,-1888.342023,-1888.329353,-1888.335725,-1888.359529,-1888.365668,-1888.329354,-1888.36487,-1888.365888,-1888.335725,-1888.39006,-1888.354541,-1888.393223,-1888.390861,-1888.388296,-1888.382252,-1888.388407,-1888.390862,-1888.38259,-1888.390568,-1888.377997,-1888.378684,-1888.372734,-1888.380388,-1888.374249,-1888.366643,-1888.376827,-1888.377997